{"cameraMode":{"drawMode":0,"name":"Shaded","section":"Shading Mode"},"sceneLighting":true,"audioPlay":false,"sceneViewState":{"m_AlwaysRefresh":false,"showFog":true,"showSkybox":true,"showFlares":true,"showImageEffects":true,"showParticleSystems":true,"showVisualEffectGraphs":true,"m_FxEnabled":true},"in2DMode":false,"pivot":{"x":381.00885009765627,"y":199.47718811035157,"z":-96.92771911621094},"rotation":{"x":0.10179448127746582,"y":-0.07932551950216294,"z":-0.008107130415737629,"w":-0.9916612505912781},"size":81.39410400390625,"orthographic":false}