{"cameraMode":{"drawMode":0,"name":"Shaded","section":"Shading Mode"},"sceneLighting":true,"audioPlay":false,"sceneViewState":{"m_AlwaysRefresh":false,"showFog":true,"showSkybox":true,"showFlares":true,"showImageEffects":true,"showParticleSystems":true,"showVisualEffectGraphs":true,"m_FxEnabled":true},"in2DMode":false,"pivot":{"x":-58.532554626464847,"y":189.80865478515626,"z":1157.5682373046875},"rotation":{"x":-0.01951061189174652,"y":0.0041648284532129768,"z":-0.0001494367461418733,"w":-0.9999026656150818},"size":792.700927734375,"orthographic":false}